interval,roll_off,rating,rating_se,rating_boot_mean,rating_boot_se
0,2,-0.3759129645250349,0,-0.37293732074111935,0.10573448183740389
0.015015015015015015,2,-0.3794682639327363,0,-0.37660373925159196,0.10394859563594226
0.03003003003003003,2,-0.38349607412739156,0,-0.380748674185446,0.10216918858000693
0.04504504504504504,2,-0.3880176429181416,0,-0.3853937902163835,0.10039770113863325
0.06006006006006006,2,-0.3930523353809034,0,-0.3905588075489836,0.09863586884862198
0.07507507507507508,2,-0.39861715849746654,0,-0.3962610050521111,0.09688577487174808
0.09009009009009009,2,-0.4047262602481884,0,-0.40251469771643217,0.09514990289587279
0.10510510510510511,2,-0.4113904128404443,0,-0.40933069913911213,0.09343118736355809
0.12012012012012012,2,-0.4186164924595516,0,-0.4167157825740936,0.091733057237455215
0.13513513513513514,2,-0.42640697064084304,0,-0.4246721568648364,0.09005946880300973
0.15015015015015015,2,-0.434759434902519,0,-0.43319697609668095,0.08841492245663829
0.16516516516516516,2,-0.44366615843310997,0,-0.44228190383386,0.08680445813595059
0.18018018018018017,2,-0.4531137401528027,0,-0.4519127540897385,0.08523362412856836
0.19519519519519518,2,-0.4630828371132666,0,-0.46206923146949735,0.08370841455342845
0.21021021021021022,2,-0.4735480107295019,0,-0.4727247920043378,0.08223517193008499
0.22522522522522523,2,-0.48447770655664807,0,-0.48384664390805127,0.08082045298834623
0.24024024024024024,2,-0.49583438411656167,0,-0.4953959037637505,0.07947085821892139
0.2552552552552553,2,-0.5075748086301806,0,-0.5073279185394828,0.07819282854838171
0.2702702702702703,2,-0.5196505105359346,0,-0.5195927575147704,0.07699241577185513
0.2852852852852853,2,-0.5320084116252268,0,-0.5321358709856645,0.07587503672967502
0.3003003003003003,2,-0.5445916088895933,0,-0.5448989049276486,0.07484522431216416
0.3153153153153153,2,-0.5573402992474273,0,-0.5578206531391285,0.07390639079529265
0.3303303303303303,2,-0.5701928207661281,0,-0.5708381213030133,0.0730606203080985
0.34534534534534533,2,-0.5830867793943034,0,-0.5838876714072769,0.07230850702660559
0.36036036036036034,2,-0.5959602250927308,0,-0.5969062104964588,0.07164905373851747
0.37537537537537535,2,-0.608752838011604,0,-0.6098323850959311,0.07107964171178581
0.39039039039039036,2,-0.6214070842498003,0,-0.6226077420094591,0.07059607758315067
0.40540540540540543,2,-0.633869301799235,0,-0.6351778175143707,0.07019271678034733
0.42042042042042044,2,-0.6460906803743259,0,-0.647493120079263,0.06986265652083506
0.43543543543543545,2,-0.6580281036271345,0,-0.6595099762848687,0.06959798548375357
0.45045045045045046,2,-0.669644828297383,0,-0.6711912152293724,0.06939007255643477
0.46546546546546547,2,-0.68091098161999,0,-0.682506672900988,0.06922987414409051
0.4804804804804805,2,-0.6918038652880809,0,-0.6934335043778846,0.06910823866075676
0.4954954954954955,2,-0.7023080609873497,0,-0.7039562979083804,0.06901618796539656
0.5105105105105106,2,-0.7124153386309514,0,-0.7140669906697609,0.06894515840498716
0.5255255255255256,2,-0.7221243737264704,0,-0.7237645911513152,0.06888718835800076
0.5405405405405406,2,-0.7314402847370909,0,-0.7330547176160936,0.0688350442567835
0.5555555555555556,2,-0.7403740049273563,0,-0.7419489660194004,0.06878228253886727
0.5705705705705706,2,-0.7489415061739375,0,-0.7504641242173901,0.06872325042398907
0.5855855855855856,2,-0.7571628947904431,0,-0.7586212524330073,0.06865303348943225
0.6006006006006006,2,-0.7650614017803934,0,-0.7664446528978499,0.06856736242572255
0.6156156156156156,2,-0.7726622922722219,0,-0.7739607544577922,0.06846249483109725
0.6306306306306306,2,-0.7799917213037347,0,-0.7811969407529913,0.06833509019606972
0.6456456456456456,2,-0.7870755656124802,0,-0.7881803533181537,0.06818209711270141
0.6606606606606606,2,-0.7939382635474421,0,-0.7949367034742332,0.06800067104577118
0.6756756756756757,2,-0.8006016974442716,0,-0.8014891290038042,0.06778813865388268
0.6906906906906907,2,-0.8070841545208783,0,-0.8078571330681127,0.06754202071934202
0.7057057057057057,2,-0.8133994032281487,0,-0.814055643350439,0.06726012047266977
0.7207207207207207,2,-0.8195559216955369,0,-0.8200942287067532,0.0669406778695297
0.7357357357357357,2,-0.8255563131346315,0,-0.8259765084011282,0.06658258368749169
0.7507507507507507,2,-0.8313969395580508,0,-0.8316997850806515,0.06618564068158779
0.7657657657657657,2,-0.8370677997790665,0,-0.837254926861126,0.06575085295023511
0.7807807807807807,2,-0.8425526703381401,0,-0.8426265162150627,0.06528071949564501
0.7957957957957957,2,-0.8478295188468894,0,-0.8477932738709921,0.06477950397948465
0.8108108108108109,2,-0.8528711884819559,0,-0.8527287548907864,0.06425345006182266
0.8258258258258259,2,-0.8576463403844616,0,-0.8574023018934441,0.06371091066226435
0.8408408408408409,2,-0.8621206280511948,0,-0.8617802276016998,0.06316236030816115
0.8558558558558559,2,-0.866258065100687,0,-0.865827186207117,0.06262026296540191
0.8708708708708709,2,-0.8700225358238376,0,-0.869507681290297,0.06209877415746783
0.8858858858858859,2,-0.873379387513699,0,-0.8727876480574832,0.06161326666732393
0.9009009009009009,2,-0.8762970355490897,0,-0.8756360403058913,0.06117968437219998
0.9159159159159159,2,-0.8787485073591704,0,-0.8780263485513147,0.06081374870344549
0.9309309309309309,2,-0.8807128503586367,0,-0.8799379757063999,0.06053006534782218
0.9459459459459459,2,-0.8821763321378411,0,-0.8813574008978163,0.06034120172031126
0.960960960960961,2,-0.8831333687572254,0,-0.8822790704616797,0.06025682330733544
0.975975975975976,2,-0.8835871287401595,0,-0.8827059675341683,0.06028298341661787
0.990990990990991,2,-0.8835497757475306,0,-0.8826498273101784,0.060421651707143656
1.006006006006006,2,-0.8830423310955394,0,-0.8821309830465877,0.060670541135217575
1.021021021021021,2,-0.8820941571247785,0,-0.881177847098389,0.061023254421729387
1.0360360360360361,2,-0.8807420826513632,0,-0.8798260504412189,0.06146972777201064
1.0510510510510511,2,-0.8790292109731112,0,-0.8781172819922178,0.0619969110152295
1.0660660660660661,2,-0.8770034678645705,0,-0.8760978844321663,0.06258959765241169
1.0810810810810811,2,-0.8747159605380287,0,-0.8738172751896673,0.06323130949765074
1.0960960960960962,2,-0.8722192277966693,0,-0.8713262690724932,0.06390514788521244
1.1111111111111112,2,-0.8695654660063489,0,-0.8686753823307967,0.06459454240105272
1.1261261261261262,2,-0.8668048148676412,0,-0.8659131966424573,0.06528385286198976
1.1411411411411412,2,-0.8639837814422591,0,-0.8630848558615725,0.06595880532015853
1.1561561561561562,2,-0.8611438709743059,0,-0.8602307588783814,0.06660676431407785
1.1711711711711712,2,-0.8583204795260824,0,-0.8573854993346299,0.06721685939207307
1.1861861861861862,2,-0.8555420873162444,0,-0.8545770881133457,0.06777999363566752
1.2012012012012012,2,-0.8528297740366728,0,-0.8518264784599958,0.06828876607910082
1.2162162162162162,2,-0.850197059514634,0,-0.8491473973023289,0.0687373396552616
1.2312312312312312,2,-0.8476500560238424,0,-0.8465464707893687,0.0691212828632021
1.2462462462462462,2,-0.8451879033566957,0,-0.8440236181373612,0.06943740795988548
1.2612612612612613,2,-0.8428034452874624,0,-0.841572676272851,0.06968362217468041
1.2762762762762763,2,-0.8404840968754832,0,-0.8391822090296471,0.06985880206078486
1.2912912912912913,2,-0.8382128464984347,0,-0.8368364490991888,0.06996269523985384
1.3063063063063063,2,-0.8359693346072559,0,-0.8345163186373509,0.06999584885860996
1.3213213213213213,2,-0.8337309527333575,0,-0.8322004752617926,0.06995956026947615
1.3363363363363363,2,-0.8314739108122112,0,-0.8298663338067385,0.06985584283722147
1.3513513513513513,2,-0.8291742278092799,0,-0.8274910201583021,0.06968739832726549
1.3663663663663663,2,-0.8268086092447586,0,-0.8250522211929228,0.06945758695920383
1.3813813813813813,2,-0.8243551847875263,0,-0.822528903655395,0.06917038680019391
1.3963963963963963,2,-0.8217940889380377,0,-0.8199018841167557,0.06883033561391876
1.4114114114114114,2,-0.8191078773442748,0,-0.8171542413714266,0.06844245046094671
1.4264264264264264,2,-0.8162817800141869,0,-0.8142715712766779,0.06801212314433563
1.4414414414414414,2,-0.8133038002589434,0,-0.8112420917218858,0.06754499285723504
1.4564564564564564,2,-0.8101646744151232,0,-0.8080566118704905,0.06704680090603983
1.4714714714714714,2,-0.8068577121645549,0,-0.8047083848865136,0.06652323586579381
1.4864864864864864,2,-0.8033785406089533,0,-0.8011928669813388,0.06597978060634895
1.5015015015015014,2,-0.7997247772446158,0,-0.7975074078170437,0.06542157488066824
1.5165165165165164,2,-0.7958956577452061,0,-0.7936508981618814,0.0648533081487421
1.5315315315315314,2,-0.7918916441400173,0,-0.7896234003322349,0.06427915663399457
1.5465465465465464,2,-0.7877140377136568,0,-0.7854257855169892,0.06370277601982044
1.5615615615615615,2,-0.7833646188810084,0,-0.7810593997179304,0.06312735664758362
1.5765765765765765,2,-0.7788453335236353,0,-0.7765257769107731,0.06255574179279763
1.5915915915915915,2,-0.7741580419148403,0,-0.7718264142952135,0.061990602072939154
1.6066066066066067,2,-0.769304342510228,0,-0.7669626203238473,0.061434651034079
1.6216216216216217,2,-0.7642854786496,0,-0.7619354417539362,0.06089087942277609
1.6366366366366367,2,-0.7591023317343953,0,-0.7567456714406222,0.06036277962277064
1.6516516516516517,2,-0.7537554998727783,0,-0.7513939341873108,0.059854528260718194
1.6666666666666667,2,-0.7482454565138938,0,-0.7458808438976174,0.05937109496571531
1.6816816816816818,2,-0.7425727794424577,0,-0.740207221738301,0.05891824934102338
1.6966966966966968,2,-0.7367384369063524,0,-0.7343743622071249,0.05850244659879675
1.7117117117117118,2,-0.7307441148256586,0,-0.7283843320444623,0.05813058468510197
1.7267267267267268,2,-0.7245925671696493,0,-0.7222402859149423,0.05780964106188035
1.7417417417417418,2,-0.7182879708136238,0,-0.7159467827256347,0.05754621385463639
1.7567567567567568,2,-0.7118362665424927,0,-0.7095100872775266,0.057346007414918
1.7717717717717718,2,-0.7052454692967499,0,-0.7029384435377858,0.057213313746513915
1.7867867867867868,2,-0.6985259331076964,0,-0.6962423079918951,0.05715054617543728
1.8018018018018018,2,-0.6916905592074685,0,-0.6894345340772541,0.05715787847953125
1.8168168168168168,2,-0.6847549392350903,0,-0.6825305013962953,0.05723303133455239
1.8318318318318318,2,-0.6777374289783646,0,-0.6755481860520234,0.057371230091306825
1.8468468468468469,2,-0.670659151395635,0,-0.6685081708654694,0.05756533682700758
1.8618618618618619,2,-0.6635439305002486,0,-0.661433596284428,0.05780613929970709
1.8768768768768769,2,-0.6564181598879825,0,-0.6543500543833765,0.0580827635087493
1.8918918918918919,2,-0.6493106111540008,0,-0.6472854294391068,0.058383167356765193
1.906906906906907,2,-0.6422521881798683,0,-0.6402696891449482,0.05869467099132537
1.921921921921922,2,-0.635275633349683,0,-0.6333346306390467,0.059004483731314415
1.936936936936937,2,-0.6284151913156353,0,-0.6265135852457401,0.059300195976545934
1.951951951951952,2,-0.6217062351536156,0,-0.6198410852690165,0.05957021478000699
1.966966966966967,2,-0.6151848588217537,0,-0.6133524954599522,0.05980413175384213
1.981981981981982,2,-0.6088874389478736,0,-0.6070836110452413,0.05999302024279951
1.996996996996997,2,-0.6028501682934694,0,-0.6010702235943131,0.060129664494067675
2.012012012012012,2,-0.5971085629086911,0,-0.5953476556556291,0.06020872672739113
2.027027027027027,2,-0.5916969451009239,0,-0.5899502651305656,0.060226858807520905
2.042042042042042,2,-0.5866479049415808,0,-0.5849109208724901,0.06018276410292138
2.057057057057057,2,-0.5819917441394649,0,-0.5802604520610974,0.06007721263239825
2.0720720720720722,2,-0.57775590767593,0,-0.5760270755246499,0.059913009336239574
2.0870870870870872,2,-0.5739644105451359,0,-0.5722358073299617,0.05969491186008552
2.1021021021021022,2,-0.5706372691463463,0,-0.5689078675371663,0.059429491242962054
2.1171171171171173,2,-0.5677899491717061,0,-0.5660600898675894,0.05912492704443948
2.1321321321321323,2,-0.565432844026419,0,-0.5637043509436521,0.0587907284626293
2.1471471471471473,2,-0.5635707996914077,0,-0.5618470364646061,0.05843737559573228
2.1621621621621623,2,-0.5622027032662178,0,-0.5604885638828565,0.05807588073073007
2.1771771771771773,2,-0.5613211529977409,0,-0.5596229825358103,0.05771727856089116
2.1921921921921923,2,-0.5609122272255814,0,-0.5592376724831746,0.05737206604066242
2.2072072072072073,2,-0.5609553682312488,0,-0.5593131622742912,0.05704962580299551
2.2222222222222223,2,-0.5614233944150506,0,-0.559823083393473,0.05675767937987771
2.2372372372372373,2,-0.5622826505839157,0,-0.5607342751974351,0.05650182490428266
2.2522522522522523,2,-0.5634933015581715,0,-0.5620070489047753,0.056285215527301105
2.2672672672672673,2,-0.5650097690329601,0,-0.5635956129042865,0.056108427343704644
2.2822822822822824,2,-0.5667813059789033,0,-0.5654486547237575,0.05596954884978789
2.2972972972972974,2,-0.5687526972040622,0,-0.5675100679372777,0.05586449977159072
2.3123123123123124,2,-0.5708650694088223,0,-0.5697198056147899,0.055787559392235425
2.3273273273273274,2,-0.5730567895038221,0,-0.5720148361324364,0.055732058156779264
2.3423423423423424,2,-0.5752644264236882,0,-0.5743301726813254,0.05569116586359944
2.3573573573573574,2,-0.5774237493611625,0,-0.5765999449207464,0.05565869816090127
2.3723723723723724,2,-0.5794707343664008,0,-0.5787584800507388,0.05562986129450457
2.3873873873873874,2,-0.5813425515980003,0,-0.5807413611044963,0.05560186218271632
2.4024024024024024,2,-0.58297850707584,0,-0.5824864323270523,0.05557432487526816
2.4174174174174174,2,-0.5843209154018509,0,-0.5839347248606176,0.05554947294729655
2.4324324324324325,2,-0.5853158833710616,0,-0.5850312802946435,0.05553205838714256
2.4474474474474475,2,-0.5859139884667215,0,-0.5857258546467268,0.0555290396299142
2.4624624624624625,2,-0.586070840701332,0,-0.5859734907275216,0.05554903354761125
2.4774774774774775,2,-0.5857475209334057,0,-0.5857349523594632,0.05560158740534202
2.4924924924924925,2,-0.5849108934888104,0,-0.5849770193631159,0.055696335551605324
2.5075075075075075,2,-0.5835337954986181,0,-0.5836726474341448,0.05584211976390902
2.5225225225225225,2,-0.581595109704468,0,-0.581801001874786,0.05604615907132402
2.5375375375375375,2,-0.5790797314549866,0,-0.5793473784952654,0.056313352095750044
2.5525525525525525,2,-0.5759784441017842,0,-0.5763030287436951,0.05664578131533479
2.5675675675675675,2,-0.572287719876642,0,-0.5726649091329951,0.057042465144319925
2.5825825825825826,2,-0.5680094654669858,0,-0.568435377182161,0.05749937377977556
2.5975975975975976,2,-0.5631507327846261,0,-0.5636218572513131,0.058009693611453216
2.6126126126126126,2,-0.5577234157382474,0,-0.5582364997169291,0.05856429819298502
2.6276276276276276,2,-0.5517439530950613,0,-0.5522958558262994,0.05915236560496164
2.6426426426426426,2,-0.5452330557118522,0,-0.5458205882554544,0.05976207437316815
2.6576576576576576,2,-0.5382154735384795,0,-0.5388352338954245,0.06038131223299858
2.6726726726726726,2,-0.5307198139100116,0,-0.5313680307949955,0.06099834136932926
2.6876876876876876,2,-0.5227784178691701,0,-0.5234508156498721,0.06160237696852073
2.7027027027027026,2,-0.5144272957801147,0,-0.515118991971283,0.06218404993855541
2.7177177177177176,2,-0.5057061175492583,0,-0.5064115623796542,0.06273573735128465
2.7327327327327327,2,-0.4966582466572526,0,-0.4973712116980627,0.06325175450552414
2.7477477477477477,2,-0.4873308012773118,0,-0.48804442106297957,0.06372841040670608
2.7627627627627627,2,-0.47777472039990276,0,-0.47848158756227344,0.06416393442054291
2.7777777777777777,2,-0.4680448085195138,0,-0.468737119407623,0.06455828664867662
2.7927927927927927,2,-0.4581997294861544,0,-0.4588694737989495,0.06491286890680684
2.8078078078078077,2,-0.44830191897486077,0,-0.4489411038476565,0.06523015750176499
2.8228228228228227,2,-0.4384173860039232,0,-0.43901828251121333,0.06551328334175911
2.8378378378378377,2,-0.4286153772440029,0,-0.42917077563267986,0.06576558887213221
2.8528528528528527,2,-0.41896788355046133,0,-0.4194713428657057,0.06599019413701071
2.8678678678678677,2,-0.4095489760588801,0,-0.40999505425928573,0.06618960496683342
2.8828828828828827,2,-0.400433968919821,0,-0.40081842108916693,0.06636539401131139
2.8978978978978978,2,-0.3916984166955567,0,-0.39201835142798636,0.06651797960303256
2.9129129129129128,2,-0.38341696578704365,0,-0.38367095302594567,0.06664651843012316
2.9279279279279278,2,-0.375662090065982,0,-0.3758502173033759,0.06674891665945985
2.942942942942943,2,-0.368502750189153,0,-0.3686266276174358,0.06682195207666107
2.957957957957958,2,-0.36200302299379855,0,-0.36206574157370214,0.06686148891377576
2.972972972972973,2,-0.3562207512420447,0,-0.35622680038092314,0.06686275911678488
2.987987987987988,2,-0.35120626442928976,0,-0.35116141781290267,0.06682068010135088
3.003003003003003,2,-0.3470012183853729,0,-0.34691239735664176,0.06673017994701208
3.018018018018018,2,-0.34363759533272153,0,-0.343512719080233,0.06658650596566704
3.033033033033033,2,-0.34113689759543303,0,-0.34098472844595956,0.06638550037740817
3.048048048048048,2,-0.3395095581741754,0,-0.3393395487145804,0.06612383573215591
3.063063063063063,2,-0.33875458091021987,0,-0.338576727781123,0.06579921096959498
3.078078078078078,2,-0.33885941292184163,0,-0.33868412021157973,0.06541051513242685
3.093093093093093,2,-0.33980004321982915,0,-0.3396379966766688,0.06495796876685829
3.108108108108108,2,-0.3415413144685925,0,-0.34140336639467983,0.06444325259354237
3.123123123123123,2,-0.3440374300434213,0,-0.3439344937943389,0.06386962932781784
3.138138138138138,2,-0.34723263584404485,0,-0.34717558830595735,0.06324205825785871
3.153153153153153,2,-0.35106205551098485,0,-0.35106164567518194,0.0625672943637109
3.168168168168168,2,-0.35545265832050293,0,-0.35551942000785436,0.06185395557122404
3.183183183183183,2,-0.3603243405658604,0,-0.3604685073652417,0.06111253445760835
3.198198198198198,2,-0.3655911031026243,0,-0.36582252360784856,0.06035532567201858
3.2132132132132134,2,-0.37116230942783784,0,-0.37149036086844395,0.05959623884090148
3.2282282282282284,2,-0.37694400976774967,0,-0.377377508162304,0.058850470113637046
3.2432432432432434,2,-0.38284031690281095,0,-0.38338742198830494,0.058134014925273314
3.2582582582582584,2,-0.38875481876181917,0,-0.38942293225288394,0.05746302066310546
3.2732732732732734,2,-0.3945920112322531,0,-0.39538766751190374,0.05685300032003794
3.2882882882882885,2,-0.400258732367936,0,-0.40118748154750894,0.056317954791501625
3.3033033033033035,2,-0.40566557654746566,0,-0.406731860951138,0.05586947797346589
3.3183183183183185,2,-0.4107282645357819,0,-0.41193529100863596,0.05551593909686667
3.3333333333333335,2,-0.41536894323771945,0,-0.41671855514540185,0.0552618440446626
3.3483483483483485,2,-0.41951738759067364,0,-0.42100994184035634,0.05510746669948786
3.3633633633633635,2,-0.4231120768377847,0,-0.42474633255338545,0.055048811811011025
3.3783783783783785,2,-0.426101118563109,0,-0.42787414503753474,0.05507792714744343
3.3933933933933935,2,-0.4284429964389091,0,-0.4303501085163563,0.0551835341819675
3.4084084084084085,2,-0.430107121582156,0,-0.43214185056897836,0.05535190427473484
3.4234234234234235,2,-0.4310741725670179,0,-0.4332282800383517,0.05556788004064292
3.4384384384384385,2,-0.43133621521345467,0,-0.4335997556299102,0.055815933172957646
3.4534534534534536,2,-0.43089659991881407,0,-0.43325803580995037,0.056081158839485175
3.4684684684684686,2,-0.4297696411337296,0,-0.4322160118342832,0.05635012754935277
3.4834834834834836,2,-0.4279800902233283,0,-0.4304972319359745,0.05661154159296813
3.4984984984984986,2,-0.42556241905198217,0,-0.4281352306040699,0.056856669260753584
3.5135135135135136,2,-0.42255993689724863,0,-0.4251726822626678,0.057079552583262104
3.5285285285285286,2,-0.4190237675249112,0,-0.4216604033240522,0.057277001914141305
3.5435435435435436,2,-0.41501171631183054,0,-0.4176562303927511,0.057448403369843255
3.5585585585585586,2,-0.410587059134874,0,-0.4132238052250109,0.057595373723238995
3.5735735735735736,2,-0.405817285370255,0,-0.4084312988168682,0.05772130269949431
3.5885885885885886,2,-0.40077282684195464,0,-0.4033501076526961,0.057830825373489866
3.6036036036036037,2,-0.39552580303644347,0,-0.3980535546807671,0.05792926780373557
3.6186186186186187,2,-0.3901488105083379,0,-0.3926156260234071,0.05802210717008533
3.6336336336336337,2,-0.3847137812989822,0,-0.3871097718559058,0.05811448342269085
3.6486486486486487,2,-0.379290931545966,0,-0.38160779642971887,0.05821079280944457
3.6636636636636637,2,-0.37394781744547084,0,-0.3761788580452772,0.05831438491171186
3.6786786786786787,2,-0.36874851150511745,0,-0.37088859510498623,0.058427374624967304
3.6936936936936937,2,-0.36375290774823776,0,-0.36579838942291887,0.058550569844831306
3.7087087087087087,2,-0.35901616034464895,0,-0.36096477296137225,0.05868350562139009
3.7237237237237237,2,-0.35458825617631073,0,-0.3564389793189196,0.058824567354701714
3.7387387387387387,2,-0.35051371820981114,0,-0.3522666367972257,0.05897118008670986
3.7537537537537538,2,-0.3468314333322956,0,-0.3484875958780826,0.05912003852751505
3.7687687687687688,2,-0.34357459558271075,0,-0.34513588056351535,0.059267353067272106
3.7837837837837838,2,-0.34077075352268965,0,-0.34223975034799825,0.05940909015887726
3.798798798798799,2,-0.3384419488655628,0,-0.33982185764461914,0.0595411903082717
3.813813813813814,2,-0.3366049324199037,0,-0.33789948428566974,0.05965975256675586
3.828828828828829,2,-0.3352714428889302,0,-0.33648484024381453,0.05976118003056706
3.843843843843844,2,-0.33444853406427266,0,-0.3355854079293819,0.059842285742342995
3.858858858858859,2,-0.33413893641327835,0,-0.3352043162479363,0.05990036211796424
3.873873873873874,2,-0.3343414399231222,0,-0.33534072996750613,0.05993321939317689
3.888888888888889,2,-0.3350512862628047,0,-0.33599024174704406,0.0599391996119186
3.903903903903904,2,-0.33626055977996094,0,-0.33714525630244974,0.059917172542508695
3.918918918918919,2,-0.3379585684812204,0,-0.3387953585057616,0.05986651890272314
3.933933933933934,2,-0.34013220786725695,0,-0.34092765958770865,0.05978710475776381
3.948948948948949,2,-0.3427663022176365,0,-0.3435271178973905,0.059679249299741347
3.963963963963964,2,-0.3458439195566577,0,-0.3465768327183323,0.059543686767841476
3.978978978978979,2,-0.34934665799089964,0,-0.35005831130835724,0.059381522297859944
3.993993993993994,2,-0.3532549023101503,0,-0.35395171050229274,0.0591941811637542
4.009009009009009,2,-0.35754805061469475,0,-0.35823605480469284,0.058983351225926156
4.024024024024024,2,-0.36220471122181014,0,-0.3628894328641588,0.058750919326771026
4.039039039039039,2,-0.36720287018771874,0,-0.36788917357804957,0.05849890364943119
4.054054054054054,2,-0.37252002946819307,0,-0.37321200190693743,0.058229385379922484
4.069069069069069,2,-0.3781333150825738,0,-0.3788341729261438,0.05794444407150564
4.084084084084084,2,-0.3840195537377443,0,-0.38473158090647536,0.05764610164556055
4.099099099099099,2,-0.39015531534904774,0,-0.39087983853649794,0.05733627983320567
4.114114114114114,2,-0.39651691793908345,0,-0.39725432003036004,0.05701677507130227
4.129129129129129,2,-0.4030803907006308,0,-0.4038301610553345,0.0566892535586361
4.1441441441441444,2,-0.4098213907806557,0,-0.41058220837529336,0.05635526758863483
4.1591591591591595,2,-0.4167150697659541,0,-0.4174849129964776,0.056016292661422426
4.1741741741741745,2,-0.42373588707655074,0,-0.42451216250286056,0.055673783448125805
4.1891891891891895,2,-0.43085736958780607,0,-0.4316370511773732,0.055329245542987446
4.2042042042042045,2,-0.43805181981355656,0,-0.4388315903298985,0.054984319092240067
4.2192192192192195,2,-0.4452899788031245,0,-0.4460663658104925,0.05464086974774392
4.2342342342342345,2,-0.45254065434621127,0,-0.45331015470917435,0.05430108184368982
4.2492492492492495,2,-0.45977032985225114,0,-0.4605295183874149,0.053967548153761785
4.2642642642642645,2,-0.4669427739944276,0,-0.46768839384443583,0.05364335005065963
4.2792792792792795,2,-0.4740186754332506,0,-0.4747477095448495,0.05333212145463383
4.2942942942942945,2,-0.48095533016897146,0,-0.48166505476122007,0.053038089800328356
4.3093093093093096,2,-0.48770641082900124,0,-0.48839443277936867,0.05276608758616988
4.324324324324325,2,-0.4942218470428121,0,-0.49488612761240297,0.05252152908290251
4.33933933933934,2,-0.5004478436751424,0,-0.5010867109341012,0.05231034855346391
4.354354354354355,2,-0.5063270589376829,0,-0.5069392107152352,0.05213889880757903
4.36936936936937,2,-0.5117989573670385,0,-0.5123834556908607,0.05201381184061493
4.384384384384385,2,-0.5168003436929026,0,-0.517356600709713,0.05194182630283483
4.3993993993994,2,-0.5212660733378645,0,-0.5217938278606894,0.05192958916231918
4.414414414414415,2,-0.5251299245299466,0,-0.5256292078672812,0.05198344075915692
4.42942942942943,2,-0.5283256067569382,0,-0.528796696525954,0.052109193255108155
4.444444444444445,2,-0.5307878715674631,0,-0.5312312328705964,0.05231191224543069
4.45945945945946,2,-0.5324536854429628,0,-0.5328699000745423,0.05259571022700757
4.474474474474475,2,-0.5332634213072519,0,-0.5336531074124071,0.0529635590620388
4.48948948948949,2,-0.5331620255439119,0,-0.5335257521268219,0.053417126906519216
4.504504504504505,2,-0.5321001210942631,0,-0.532438323648058,0.053956643547852186
4.51951951951952,2,-0.5300350138521723,0,-0.5303479188225602,0.05458079681181957
4.534534534534535,2,-0.526931578367038,0,-0.52721914487267,0.055286661615123675
4.54954954954955,2,-0.5227630088059244,0,-0.5230248958226315,0.05606966227304094
4.564564564564565,2,-0.5175114311254975,0,-0.5177469971313021,0.05692356780023516
4.57957957957958,2,-0.5111683814443103,0,-0.5113767213904092,0.05784051925849204
4.594594594594595,2,-0.5037351628477557,0,-0.5039151844655672,0.05881108788945592
4.60960960960961,2,-0.495223097725319,0,-0.49537363588803224,0.05982436300607826
4.624624624624625,2,-0.48565369494981675,0,-0.4857736594074283,0.060868069482047434
4.63963963963964,2,-0.47505875076177584,0,-0.47514729938505,0.061928716076235554
4.654654654654655,2,-0.46348039936099633,0,-0.46353712634263516,0.06299177747507337
4.66966966966967,2,-0.45097112435307657,0,-0.45099625083723993,0.06404191441008694
4.684684684684685,2,-0.43759373588729455,0,-0.4375882893694833,0.06506323704342001
4.6996996996997,2,-0.4234213111461123,0,-0.4233872797696457,0.06603961659064295
4.714714714714715,2,-0.40853708840821207,0,-0.4084775369847939,0.0669550485705143
4.72972972972973,2,-0.39303429779202176,0,-0.39295343394535703,0.06779406800916632
4.744744744744745,2,-0.37701590554459313,0,-0.37691908673206975,0.06854221244250351
4.75975975975976,2,-0.36059424388023903,0,-0.3604879190695172,0.0691865228957939
4.774774774774775,2,-0.3438904953552545,0,-0.3437820786717695,0.06971606656743123
4.78978978978979,2,-0.32703399999465754,0,-0.3269316775350099,0.07012245821733552
4.804804804804805,2,-0.3101613551966681,0,-0.3100738302156996,0.0704003508557287
4.81981981981982,2,-0.2934152830636576,0,-0.29335146865783784,0.07054786089865552
4.834834834834835,2,-0.27694324734039055,0,-0.27691191931656345,0.07056688920258142
4.84984984984985,2,-0.26089581249832394,0,-0.26090523807799487,0.07046329806190811
4.864864864864865,2,-0.24542475038305278,0,-0.24548231050420666,0.07024690615783742
4.87987987987988,2,-0.23068091468301616,0,-0.23079273871722833,0.06993126943185549
4.894894894894895,2,-0.21681191946055245,0,-0.2169825510218354,0.06953322672397716
4.90990990990991,2,-0.2039596740496904,0,-0.20419178518535075,0.06907220532015701
4.924924924924925,2,-0.19225784152551392,0,-0.1925520100153759,0.06856930325565781
4.93993993993994,2,-0.18182930036221273,0,-0.18218386130099962,0.06804619121764428
4.954954954954955,2,-0.17278369754515752,0,-0.17319467614713255,0.0675239045511304
4.96996996996997,2,-0.1652151852114983,0,-0.1656763132420522,0.06702162084808096
4.984984984984985,2,-0.15920043113696228,0,-0.15970324496049842,0.0665555352259672
5,2,-0.15479698580638127,0,-0.15533100013228682,0.06613794793790807
5.015015015015015,2,-0.1520420756831441,0,-0.15259502399134706,0.06577666352746599
5.03003003003003,2,-0.15095187444963265,0,-0.15151000494819047,0.06547476734420075
5.045045045045045,2,-0.1515212827158775,0,-0.1520696975330623,0.06523079877911658
5.06006006006006,2,-0.1537242236043185,0,-0.15424724860954392,0.06503929010377837
5.075075075075075,2,-0.15751443847536875,0,-0.15799601141518896,0.06489159585820546
5.09009009009009,2,-0.16282674556320884,0,-0.16325081080546744,0.06477690896472903
5.105105105105105,2,-0.16957870590102203,0,-0.16992960474140228,0.06468335018710168
5.12012012012012,2,-0.17767262670025913,0,-0.1779354727231903,0.06459902591083316
5.135135135135135,2,-0.18699782291489264,0,-0.18715885225579323,0.06451297015345414
5.15015015015015,2,-0.1974330531999225,0,-0.1974799397930896,0.0644159132709317
5.165165165165165,2,-0.20884904657294703,0,-0.20877117275377785,0.06430084580218522
5.18018018018018,2,-0.22111104019451772,0,-0.22089971357316332,0.06416336726780135
5.195195195195195,2,-0.23408125598109283,0,-0.2337298645283674,0.06400182500614157
5.21021021021021,2,-0.24762125335708324,0,-0.247125352293032,0.06381725780275511
5.225225225225225,2,-0.26159410646569836,0,-0.2609514328672882,0.06361316481657371
5.24024024024024,2,-0.2758663658153208,0,-0.27507677979582057,0.06339512410355086
5.255255255255255,2,-0.29030977600027347,0,-0.2893751306831362,0.06317028852546244
5.27027027027027,2,-0.30480273231284527,0,-0.30372667836929107,0.06294679093697839
5.285285285285285,2,-0.3192314694062251,0,-0.3180192033482095,0.0627330953441653
5.3003003003003,2,-0.33349098443804687,0,-0.3321489528583662,0.06253733550054924
5.315315315315315,2,-0.3474857051689098,0,-0.34602127943949973,0.06236668585077056
5.33033033033033,2,-0.3611299202157696,0,-0.3595510576040856,0.06222681032118044
5.345345345345345,2,-0.37434799401209923,0,-0.37266290164779864,0.062121430892019866
5.36036036036036,2,-0.3870743929789553,0,-0.38529121057903337,0.062052049544510574
5.375375375375375,2,-0.39925355196063345,0,-0.39738006775928836,0.06201784443075124
5.39039039039039,2,-0.41083961114708867,0,-0.4088830231992183,0.06201574538534005
5.405405405405405,2,-0.4217960535411599,0,-0.4197627856445518,0.06204067738215395
5.42042042042042,2,-0.43209527161109457,0,-0.42999084972070345,0.06208594567797434
5.435435435435435,2,-0.4417180892105779,0,-0.43954708061208114,0.062143725245839256
5.45045045045045,2,-0.45065326129665134,0,-0.4484192751821388,0.06220561090574679
5.465465465465465,2,-0.45889696961285353,0,-0.45660271426993115,0.06226318349589855
5.48048048048048,2,-0.46645232754794036,0,-0.464099716332709,0.06230855077958609
5.495495495495495,2,-0.4733289020797643,0,-0.47091919787368786,0.06233482828412026
5.51051051051051,2,-0.4795422553519404,0,-0.47707624145557964,0.0623365335072157
5.525525525525525,2,-0.48511350331657643,0,-0.48259166782726054,0.0623098756743108
5.54054054054054,2,-0.4900688843373095,0,-0.487491605064063,0.06225293161803193
5.555555555555555,2,-0.4944393270158313,0,-0.4918070449140736,0.06216570589272989
5.57057057057057,2,-0.4982600040958983,0,-0.4955733749965741,0.062050079750637484
5.585585585585585,2,-0.501569858379623,0,-0.49882987530367184,0.06190965908771504
5.6006006006006,2,-0.5044110873460074,0,-0.5016191687192371,0.061749535970294846
5.615615615615615,2,-0.5068285756557003,0,-0.5039866179904575,0.06157598190421375
5.63063063063063,2,-0.5088692688695824,0,-0.5059796656381677,0.06139609356583367
5.645645645645645,2,-0.5105814872385419,0,-0.5076471184078091,0.06121741317758701
5.66066066066066,2,-0.5120141849004085,0,-0.509038383647956,0.06104754595531892
5.675675675675675,2,-0.5132161666610471,0,-0.5102026709572373,0.060893795990963374
5.6906906906906904,2,-0.5142352810605121,0,-0.5111881780009656,0.06076283956534427
5.7057057057057055,2,-0.5151176139333715,0,-0.5120412840004699,0.060660451351343604
5.7207207207207205,2,-0.5159067105390703,0,-0.5128057775388429,0.06059129455507258
5.7357357357357355,2,-0.5166428560966274,0,-0.5135221466321922,0.06055878116217116
5.7507507507507505,2,-0.5173624439683359,0,-0.5142269582896319,0.060565003577602014
5.7657657657657655,2,-0.5180974578230471,0,-0.5149523520398712,0.06061073451525294
5.7807807807807805,2,-0.5188750891530298,0,-0.5157256673554966,0.060695488346443456
5.7957957957957955,2,-0.5197175050132836,0,-0.5165692189529779,0.060817634432568615
5.8108108108108105,2,-0.5206417734302561,0,-0.5175002271036527,0.06097455125813948
5.8258258258258255,2,-0.5216599462622372,0,-0.5185309029271815,0.061162809329432834
5.8408408408408405,2,-0.5227792920131483,0,-0.5196686817015902,0.061378370632067414
5.8558558558558556,2,-0.5240026647088641,0,-0.5209165909767833,0.061616792775195536
5.870870870870871,2,-0.5253289897742557,0,-0.5222737350556828,0.06187342666790503
5.885885885885886,2,-0.526753844050636,0,-0.523735873394879,0.06214359761234956
5.900900900900901,2,-0.5282701046481146,0,-0.5252960677158512,0.06242276103653177
5.915915915915916,2,-0.5298686400882038,0,-0.5269453710304606,0.0627066257159141
5.930930930930931,2,-0.531539016933587,0,-0.5286735312130451,0.06299123922040084
5.945945945945946,2,-0.5332701955777925,0,-0.5304696820059931,0.06327303242314053
5.960960960960961,2,-0.5350511898616194,0,-0.5323229952484902,0.06354882216006692
5.975975975975976,2,-0.5368716665471509,0,-0.5342232695418578,0.06381577348138277
5.990990990990991,2,-0.5387224623594156,0,-0.5361614324567711,0.06407132535515098
6.006006006006006,2,-0.5405959983420668,0,-0.5381299357777333,0.06431308615063547
6.021021021021021,2,-0.5424865737938414,0,-0.5401230262707873,0.06453870771568197
6.036036036036036,2,-0.5443905252365799,0,-0.5421368781969428,0.06474574928622086
6.051051051051051,2,-0.546306239899622,0,-0.5441695784194731,0.06493154464916197
6.066066066066066,2,-0.5482340182248556,0,-0.5462209605515215,0.06509308762492713
6.081081081081081,2,-0.5501757859270695,0,-0.5482922911255323,0.06522695163986678
6.096096096096096,2,-0.5521346630474078,0,-0.5503858180303742,0.0653292584796239
6.111111111111111,2,-0.5541144048812809,0,-0.5525041990495096,0.06539570888411078
6.126126126126126,2,-0.5561187371181135,0,-0.5546498356462325,0.06542168330558391
6.141141141141141,2,-0.5581506143156457,0,-0.5568241434456384,0.06540241507358713
6.156156156156156,2,-0.5602114361919395,0,-0.5590267953857566,0.0653332309415262
6.171171171171171,2,-0.5623002594412272,0,-0.5612549755751007,0.06520984640104795
6.186186186186186,2,-0.5644130433269269,0,-0.5635026810584888,0.06502869628265259
6.201201201201201,2,-0.566541964926549,0,-0.5657601048635942,0.06478727600246424
6.216216216216216,2,-0.568674834715535,0,-0.5680131271902408,0.06448446608416547
6.231231231231231,2,-0.5707946356756624,0,-0.570242933112304,0.06412081258439117
6.246246246246246,2,-0.5728792001165566,0,-0.5724257656755367,0.06369873863761351
6.261261261261261,2,-0.574901028927359,0,-0.5745328139116875,0.06322266701645879
6.276276276276276,2,-0.5768272490978862,0,-0.5765302271175252,0.062699039693376
6.291291291291291,2,-0.5786196980183125,0,-0.5783792406209145,0.06213622720911889
6.306306306306306,2,-0.5802351179911255,0,-0.5800363947037049,0.06154432767016125
6.321321321321321,2,-0.5816254419491498,0,-0.5814538275336475,0.06093486209498073
6.336336336336336,2,-0.5827381516070366,0,-0.5825796246939864,0.06032037948664674
6.351351351351351,2,-0.583516691912805,0,-0.5833582117438177,0.05971399139998625
6.366366366366366,2,-0.5839009302190715,0,-0.5837307815871846,0.05912886181753409
6.381381381381381,2,-0.5838276544363906,0,-0.5836357546067303,0.05857768356910991
6.396396396396396,2,-0.5832311109003545,0,-0.5830092758842145,0.058072176743260845
6.411411411411412,2,-0.5820435891443069,0,-0.5817857598152452,0.05762264666933844
6.426426426426427,2,-0.5801960666556285,0,-0.579898497553875,0.05723763808099141
6.441441441441442,2,-0.5776189315219707,0,-0.5772803466071835,0.05692371714259715
6.456456456456457,2,-0.5742428042345656,0,-0.5738645242208681,0.056685403779025555
6.471471471471472,2,-0.5699994814493418,0,-0.5695855266738086,0.056525263651108285
6.486486486486487,2,-0.564823023882169,0,-0.5643801949716698,0.056444153511101075
6.501501501501502,2,-0.5586510074151066,0,-0.5581889434464937,0.056441597594092015
6.516516516516517,2,-0.551425950618006,0,-0.5509571612043653,0.05651625844521725
6.531531531531532,2,-0.5430969229911748,0,-0.5426367870473767,0.056666455168725205
6.546546546546547,2,-0.5336213261620453,0,-0.5331880463762374,0.056890676844405096
6.561561561561562,2,-0.5229668250562295,0,-0.5225813237943242,0.057188039252228595
6.576576576576577,2,-0.5111133880372651,0,-0.5107991281005347,0.05755863873335295
6.591591591591592,2,-0.4980553748925858,0,-0.4978380878577962,0.05800376704709557
6.606606606606607,2,-0.4838035905557487,0,-0.48371089696213565,0.05852596412430492
6.621621621621622,2,-0.468387202363504,0,-0.4684481122610239,0.05912890010838756
6.636636636636637,2,-0.45185540173970956,0,-0.4520996913147581,0.059817092363960815
6.651651651651652,2,-0.43427868015082555,0,-0.43473615014201156,0.060595475658308924
6.666666666666667,2,-0.4157495867789737,0,-0.416449220526061,0.06146885330772824
6.681681681681682,2,-0.3963828441119035,0,-0.3973518961409516,0.06244126330196152
6.696696696696697,2,-0.3763147192751022,0,-0.377577777634237,0.06351529683920655
6.711711711711712,2,-0.3557015838489975,0,-0.3572796590256274,0.0646914087600518
6.726726726726727,2,-0.33471764182031294,0,-0.33662734010188383,0.06596726175556628
6.741741741741742,2,-0.3135518609767127,0,-0.31580469912668724,0.06733714990680674
6.756756756756757,2,-0.29240420243057036,0,-0.2950061129303396,0.068791551419109
6.771771771771772,2,-0.2714812997189241,0,-0.27443236204103794,0.07031686279315304
6.786786786786787,2,-0.250991786304703,0,-0.25428620130330665,0.07189536346149421
6.801801801801802,2,-0.2311415021701068,0,-0.23476780614629178,0.07350544794066989
6.816816816816817,2,-0.2121288221305724,0,-0.2160703173245659,0.07512214085108337
6.831831831831832,2,-0.1941403386356414,0,-0.19837570054623466,0.07671788096858509
6.846846846846847,2,-0.17734710122096484,0,-0.18185111231337125,0.07826352885845449
6.861861861861862,2,-0.1619015672621879,0,-0.16664592231810407,0.07972952497222602
6.876876876876877,2,-0.14793536018002387,0,-0.15288949063687876,0.08108710701186776
6.891891891891892,2,-0.13555786874529852,0,-0.14068974073361573,0.0823094901763269
6.906906906906907,2,-0.1248556615439111,0,-0.1301325131725489,0.08337292184019353
6.921921921921922,2,-0.11589263980094508,0,-0.12128163554000986,0.08425754078483397
6.936936936936937,2,-0.10871081365422265,0,-0.11417960557153511,0.08494799611655447
6.951951951951952,2,-0.10333156354735842,0,-0.10884875926235649,0.08543380780510779
6.966966966966967,2,-0.09975723962842094,0,-0.10529278433159013,0.08570947528189232
6.981981981981982,2,-0.09797295624109165,0,-0.10349844072804962,0.08577435990251549
6.996996996996997,2,-0.09794845308005459,0,-0.10343736166012207,0.08563237990040432
7.012012012012012,2,-0.09963991617380193,0,-0.10506782801667708,0.08529156265379773
7.027027027027027,2,-0.10299167739373165,0,-0.10833643298740256,0.08476349956220856
7.042042042042042,2,-0.10793773787431797,0,-0.11317957939524537,0.0840627450643704
7.057057057057057,2,-0.1144030863357586,0,-0.11952477741005481,0.08320619500443008
7.072072072072072,2,-0.12230480622374779,0,-0.12729173319988546,0.08221247222742074
7.087087087087087,2,-0.131552984800494,0,-0.13639323855754093,0.08110134019531824
7.102102102102102,2,-0.14205145230020655,0,-0.1467358869830403,0.07989315936472907
7.117117117117117,2,-0.1536983898273506,0,-0.15822065286813325,0.078608396404485
7.132132132132132,2,-0.1663868509027715,0,-0.17074337735325218,0.0772671929969236
7.147147147147147,2,-0.18000524368881932,0,-0.18419520732580175,0.07588899859855594
7.162162162162162,2,-0.19443781929340334,0,-0.1984630332284577,0.07449226961580423
7.177177177177177,2,-0.20956520659015457,0,-0.21342996724995159,0.07309423547350898
7.192192192192192,2,-0.22526502620440594,0,-0.22897589654784964,0.07171072968730333
7.207207207207207,2,-0.24141260630245664,0,-0.24497813694609843,0.07035608126029969
7.222222222222222,2,-0.2578818112882839,0,-0.26131220168921,0.0690430588074546
7.237237237237237,2,-0.2745459822642595,0,-0.27785268804235425,0.06778285732859275
7.252252252252252,2,-0.291278976037193,0,-0.2944742726081393,0.0665851161557462
7.267267267267267,2,-0.3079562784671376,0,-0.31105279504379524,0.06545795680415713
7.282282282282282,2,-0.32445615894433344,0,-0.3274664002604111,0.06440803141376676
7.297297297297297,2,-0.34066082649538243,0,-0.34359670194449315,0.06344057585678786
7.312312312312312,2,-0.3564575450075265,0,-0.35932992597489505,0.06255946563897505
7.327327327327327,2,-0.3717396655798337,0,-0.3745579913881108,0.061767276412197196
7.342342342342342,2,-0.3864075379943324,0,-0.3891794890453019,0.06106535325179338
7.357357357357357,2,-0.4003692703497777,0,-0.4031005238254353,0.06045389317515847
7.372372372372372,2,-0.41354131532630517,0,-0.41623539445632923,0.05993204357300612
7.387387387387387,2,-0.4258488724492576,0,-0.42850709520206526,0.059498015773214986
7.402402402402402,2,-0.4372261070877024,0,-0.4398476346067144,0.059149208817248
7.4174174174174174,2,-0.44761619775943484,0,-0.4501981773711123,0.05888233488257228
7.4324324324324325,2,-0.45697123273780704,0,-0.4595090253079104,0.05869353572856129
7.4474474474474475,2,-0.46525198428369363,0,-0.46773946144301654,0.05857847981329542
7.4624624624624625,2,-0.4724275936241194,0,-0.47485748719627774,0.05853243252021747
7.4774774774774775,2,-0.4784752018944225,0,-0.48083948591459386,0.058550296859063315
7.4924924924924925,2,-0.48337956172221674,0,-0.4856698468149642,0.058626628181085966
7.5075075075075075,2,-0.4871326612257688,0,-0.4893405817894526,0.05875563268314359
7.5225225225225225,2,-0.4897333873347778,0,-0.4918509638427644,0.058931164514128616
7.5375375375375375,2,-0.49118724901033795,0,-0.4932072105864977,0.059146739072388516
7.5525525525525525,2,-0.49150617366576294,0,-0.49342222966211013,0.05939557991980698
7.5675675675675675,2,-0.49070838238644066,0,-0.4925154356820142,0.05967071348181104
7.5825825825825826,2,-0.4888183418944867,0,-0.4905126407304076,0.059965119736262805
7.597597597597598,2,-0.4858667840333736,0,-0.48744601309413355,0.06027193925275386
7.612612612612613,2,-0.48189077723238294,0,-0.4833540921077828,0.060584728344862504
7.627627627627628,2,-0.4769338292644961,0,-0.4782818411649759,0.06089774593771108
7.642642642642643,2,-0.47104599688466414,0,-0.47228071638772817,0.06120624911895948
7.657657657657658,2,-0.4642839758067197,0,-0.46540872541265965,0.06150677007954729
7.672672672672673,2,-0.4567111440440823,0,-0.45773044942014485,0.06179734580421329
7.687687687687688,2,-0.4483975329029411,0,-0.44931700197324137,0.062077673675827505
7.702702702702703,2,-0.43941970277113646,0,-0.4402459004029834,0.06234917106023301
7.717717717717718,2,-0.4298605050729056,0,-0.4306008292041825,0.06261492461991218
7.732732732732733,2,-0.4198087170332629,0,-0.42047127989566585,0.06287952497578775
7.747747747747748,2,-0.40935854180268555,0,-0.4099520576497821,0.06314879352085455
7.762762762762763,2,-0.3986089725679705,0,-0.39914265123606885,0.06342941952141717
7.777777777777778,2,-0.38766302504882333,0,-0.3881464689596528,0.0637285357166033
7.792792792792793,2,-0.3766268478324555,0,-0.3770699488468861,0.06405326794162468
7.807807807807808,2,-0.3656087240133783,0,-0.36602155597000985,0.06441029749801508
7.822822822822823,2,-0.3547179804099878,0,-0.3551106832744706,0.06480547317940287
7.837837837837838,2,-0.3440638222171788,0,-0.3444464745034774,0.06524350290687154
7.852852852852853,2,-0.3337541114823164,0,-0.3341365888945129,0.0657277436593023
7.867867867867868,2,-0.3238941075532952,0,-0.3242859274848987,0.06626009454169086
7.882882882882883,2,-0.31458518701987914,0,-0.3149953404416281,0.06684098377393843
7.897897897897898,2,-0.30592356005178234,0,-0.30636033420229336,0.06746942857324664
7.912912912912913,2,-0.2979989997789585,0,-0.29846979673725454,0.06814313936939707
7.927927927927928,2,-0.29089360170280926,0,-0.29140475919616565,0.06885863767194161
7.942942942942943,2,-0.28468059115742217,0,-0.2852372127316798,0.06961136025677167
7.957957957957958,2,-0.2794231984689141,0,-0.28002900038428435,0.07039573020930853
7.972972972972973,2,-0.2751736234306212,0,-0.2758308053790443,0.0712051860976943
7.987987987987988,2,-0.27197211262807947,0,-0.2726812586907807,0.07203217218367355
8.003003003003004,2,-0.2698461745357875,0,-0.270606189835546,0.07286810321038618
8.018018018018019,2,-0.26880995768184573,0,-0.26961804505945286,0.07370332539362244
8.033033033033034,2,-0.26886381611556626,0,-0.26971549597443667,0.0745270997793894
8.048048048048049,2,-0.2699940836300921,0,-0.27088325890441556,0.07532763470682252
8.063063063063064,2,-0.2721730735888913,0,-0.27309214060836157,0.0760921908915915
8.078078078078079,2,-0.275359314902522,0,-0.2762993197210347,0.07680727625375865
8.093093093093094,2,-0.2794980270409811,0,-0.2804488655196401,0.07745893901960037
8.108108108108109,2,-0.2845218284778855,0,-0.2854724870234785,0.07803315796022868
8.123123123123124,2,-0.290351664309213,0,-0.29129049665866047,0.07851631902346429
8.138138138138139,2,-0.2968979306902788,0,-0.2978129645376209,0.07889575905778985
8.153153153153154,2,-0.304061766878178,0,-0.3049410325524428,0.07916035055447754
8.168168168168169,2,-0.31173648062804227,0,-0.31256835257681165,0.07930109677027379
8.183183183183184,2,-0.31980906986256524,0,-0.320582610525522,0.07931170434302788
8.198198198198199,2,-0.328161803082229,0,-0.3288670979921543,0.07918910040192487
8.213213213213214,2,-0.3366738228340144,0,-0.3373022955676549,0.07893386282661287
8.228228228228229,2,-0.34522274040786854,0,-0.34576743638297674,0.0785505352497373
8.243243243243244,2,-0.3536861952950174,0,-0.35414202437063824,0.07804780216106114
8.258258258258259,2,-0.3619433592048774,0,-0.36230728853046346,0.07743850371522172
8.273273273273274,2,-0.36987637092375253,0,-0.3701475613929965,0.07673947444194258
8.288288288288289,2,-0.37737169434579027,0,-0.37755157620582497,0.07597119516310656
8.303303303303304,2,-0.38432139702828366,0,-0.38441368252208935,0.07515725349482723
8.318318318318319,2,-0.3906243501610663,0,-0.39063498339037017,0.07432361606076829
8.333333333333334,2,-0.3961873526029166,0,-0.39612439895694174,0.07349772574857176
8.348348348348349,2,-0.400926181525649,0,-0.40079966092357566,0.07270745054979713
8.363363363363364,2,-0.40476657031542973,0,-0.4045882400927564,0.07197992659099703
8.378378378378379,2,-0.40764511099666084,0,-0.40742820550854547,0.07134035556197292
8.393393393393394,2,-0.4095100740185698,0,-0.40926900896376706,0.07081083304944434
8.408408408408409,2,-0.41032213336137385,0,-0.4100721835131608,0.07040929513659205
8.423423423423424,2,-0.4100549802404431,0,-0.4098119397922459,0.07014867147145
8.438438438438439,2,-0.40869580489686996,0,-0.4084756400730759,0.0700363204931294
8.453453453453454,2,-0.4062456236939815,0,-0.4060641276932713,0.07007379627727538
8.468468468468469,2,-0.4027194285041336,0,-0.40259188922994266,0.07025696016607903
8.483483483483484,2,-0.39814613749112315,0,-0.39808702880704017,0.07057641107869622
8.498498498498499,2,-0.39256833095165916,0,-0.39259103823358155,0.07101817452958607
8.513513513513514,2,-0.38604176268288254,0,-0.38615835302899976,0.07156456869511808
8.528528528528529,2,-0.37863464592944834,0,-0.3788556923250366,0.07219515936613631
8.543543543543544,2,-0.37042672263663373,0,-0.3707611894813139,0.07288772303457894
8.558558558558559,2,-0.36150813463494763,0,-0.36196332924164715,0.07361915432580264
8.573573573573574,2,-0.35197812458130606,0,-0.35255971559444527,0.07436627507777374
8.588588588588589,2,-0.34194360210170927,0,-0.3426557014538005,0.07510652290026246
8.603603603603604,2,-0.3315176158955963,0,-0.3323629162682672,0.07581851404549951
8.618618618618619,2,-0.3208177750925045,0,-0.3217977303223973,0.07648248768419973
8.633633633633634,2,-0.30996466271860373,0,-0.3110796946963008,0.07708064628681213
8.64864864864865,2,-0.29908028087249316,0,-0.30032999371096875,0.0775974104828986
8.663663663663664,2,-0.2882865615537708,0,-0.2896699425487803,0.07801960737928305
8.67867867867868,2,-0.27770396968760325,0,-0.27921955710157254,0.07833660961043026
8.693693693693694,2,-0.2674502165338852,0,-0.2690962165628034,0.07854043895117091
8.70870870870871,2,-0.25763909318885125,0,-0.2594134324725359,0.07862584361419149
8.723723723723724,2,-0.24837942605279623,0,-0.2502797314323141,0.07859035284292136
8.73873873873874,2,-0.2397741495884887,0,-0.24179765302731493,0.0784343066110308
8.753753753753754,2,-0.2319194868837622,0,-0.23406285999308676,0.07816085274172296
8.76876876876877,2,-0.2249042256987444,0,-0.2271633545639543,0.07777589919531287
8.783783783783784,2,-0.21880907685245377,0,-0.2211787933112879,0.07728800626112416
8.7987987987988,2,-0.21370610282531236,0,-0.21617989255602335,0.0767082024750372
8.813813813813814,2,-0.209658207012348,0,-0.2122279174394602,0.07604970968789838
8.82882882882883,2,-0.20671867774148192,0,-0.20937424969069932,0.07532756708483457
8.843843843843844,2,-0.20493078550095153,0,-0.20766003171425826,0.07455815113720417
8.85885885885886,2,-0.20432743631966857,0,-0.20711588749135937,0.07375859820828055
8.873873873873874,2,-0.20493088846404828,0,-0.20776172360489392,0.07294614820263517
8.88888888888889,2,-0.20675254316686184,0,-0.20960661615765147,0.0721374401430182
8.903903903903904,2,-0.20979282268290483,0,-0.21264879120684857,0.07134780225026013
8.91891891891892,2,-0.2140411503631543,0,-0.21687570740362697,0.07059058792959588
8.933933933933934,2,-0.2194760475416073,0,-0.22226424969480627,0.06987661282865365
8.94894894894895,2,-0.22606536081879644,0,-0.22878104217720072,0.06921374499723089
8.963963963963964,2,-0.23376663086784008,0,-0.23638288651697564,0.0686066893131731
8.97897897897898,2,-0.24252761031797115,0,-0.2450173298349345,0.06805698942476869
8.993993993993994,2,-0.25228693377666617,0,-0.25462336273055175,0.06756324784670989
9.00900900900901,2,-0.26297493786622345,0,-0.265132244319368,0.06712154116217846
9.024024024024024,2,-0.27451462353287004,0,-0.27646844695607026,0.06672598656945339
9.03903903903904,2,-0.28682274711308986,0,-0.2885507088889776,0.06636940166838315
9.054054054054054,2,-0.299811020998218,0,-0.30129317863103483,0.06604399332929513
9.06906906906907,2,-0.31338739951048883,0,-0.31460663053689997,0.06574201383652445
9.084084084084084,2,-0.3274574210706766,0,-0.32839972715312155,0.06545633180420572
9.0990990990991,2,-0.341925574161588,0,-0.34258030057288436,0.06518087925461774
9.114114114114114,2,-0.3566966522072457,0,-0.3570566224950407,0.06491095216389627
9.12912912912913,2,-0.3716770614872126,0,-0.37173863116936984,0.06464335751349672
9.144144144144144,2,-0.38677604672467186,0,-0.38653908309729057,0.06437641387572071
9.15915915915916,2,-0.4019068010892053,0,-0.4013745984038648,0.06410982390426265
9.174174174174174,2,-0.41698743101971614,0,-0.4161665713002661,0.063844445413308
9.18918918918919,2,-0.43194175138641183,0,-0.43084192103585617,0.06358199296435617
9.204204204204204,2,-0.4466998928670977,0,-0.44533366412119846,0.06332470417231684
9.21921921921922,2,-0.46119871072080937,0,-0.45958129520844404,0.06307500451183005
9.234234234234235,2,-0.4753819920409364,0,-0.47353097156003154,0.062835201522964
9.24924924924925,2,-0.48920046665385575,0,-0.4871355041439433,0.06260723431052677
9.264264264264265,2,-0.502611634675621,0,-0.5003541666191821,0.06239249750866929
9.27927927927928,2,-0.5155794309371784,0,-0.5131523413377199,0.062191750943186463
9.294294294294295,2,-0.5280737526703589,0,-0.5255010285120317,0.06200511766510557
9.30930930930931,2,-0.5400698817077929,0,-0.5373762504453616,0.06183216452011285
9.324324324324325,2,-0.5515478357689299,0,-0.5487583868385102,0.061672051652297576
9.33933933933934,2,-0.5624916850483515,0,-0.5596314794194124,0.06152373096948419
9.354354354354355,2,-0.5728888702516896,0,-0.5699825443600973,0.06138616916458206
9.36936936936937,2,-0.5827295564819577,0,-0.5798009291464561,0.06125856877319305
9.384384384384385,2,-0.5920060540857188,0,-0.5890777468709307,0.06114056113859254
9.3993993993994,2,-0.6007123329073442,0,-0.5978054155587055,0.06103234803730394
9.414414414414415,2,-0.6088436506065554,0,-0.6059773234386641,0.06093477388909808
9.42942942942943,2,-0.616396309045376,0,-0.613587633423909,0.06084931755794966
9.444444444444445,2,-0.6233675455532965,0,-0.6206312319077169,0.06077800120415864
9.45945945945946,2,-0.6297555584625857,0,-0.6271038187580686,0.06072322276796903
9.474474474474475,2,-0.6355596590115743,0,-0.6330021275437405,0.060687527588899656
9.48948948948949,2,-0.6407805348839991,0,-0.6383242579455636,0.060673342403269825
9.504504504504505,2,-0.6454206046171467,0,-0.6430700963384667,0.060682700481394514
9.51951951951952,2,-0.6494844371699051,0,-0.6472417959392008,0.06071698903273181
9.534534534534535,2,-0.652979207344952,0,-0.6508442848838853,0.06077674858453954
9.54954954954955,2,-0.6559151556928371,0,-0.6538857692241141,0.06086154868407929
9.564564564564565,2,-0.658306021092333,0,-0.6563781981207724,0.06096995547105672
9.57957957957958,2,-0.6601694154133075,0,-0.6583376604028769,0.06109959553194143
9.594594594594595,2,-0.6615271124433019,0,-0.6597846850071253,0.06124730856903495
9.60960960960961,2,-0.6624052274263781,0,-0.6607444224259277,0.06140937055789587
9.624624624624625,2,-0.6628342688786414,0,-0.6612466899230471,0.061581760812752205
9.63963963963964,2,-0.6628490505105158,0,-0.6613258696455253,0.06176044183397972
9.654654654654655,2,-0.6624884577716399,0,-0.6610206555625577,0.061941620423387925
9.66966966966967,2,-0.6617950704020426,0,-0.6603736520786591,0.062121962110033443
9.684684684684685,2,-0.6608146490965995,0,-0.6594308338842926,0.06229873769159081
9.6996996996997,2,-0.6595955006672084,0,-0.6582408828221646,0.06246988960090161
9.714714714714715,2,-0.6581877416530659,0,-0.6568544229906131,0.06263401567349061
9.72972972972973,2,-0.6566424849564966,0,-0.6553231797461464,0.06279027757729708
9.744744744744745,2,-0.6550109775844025,0,-0.6536990915220167,0.06293824965872293
9.75975975975976,2,-0.6533437198092361,0,-0.6520334053197719,0.0630777304220803
9.774774774774775,2,-0.651689596929779,0,-0.6503757872832143,0.06320854265705604
9.78978978978979,2,-0.6500950542620562,0,-0.6487734789154328,0.06333034896351322
9.804804804804805,2,-0.6486033440335517,0,-0.6472705272957251,0.0634425069894037
9.81981981981982,2,-0.6472538695650889,0,-0.645907114201406,0.06354398333786827
9.834834834834835,2,-0.6460816476506053,0,-0.6447190045068161,0.06363333742896486
9.84984984984985,2,-0.6451169046059068,0,-0.6437371288424609,0.06370877757195331
9.864864864864865,2,-0.6443848153390812,0,-0.6429873095248554,0.06376828229111325
9.87987987987988,2,-0.6439053883356634,0,-0.6424901325229454,0.06380977177392304
9.894894894894895,2,-0.6436934930173582,0,-0.6422609620400954,0.06383130824347946
9.90990990990991,2,-0.6437590198930938,0,-0.6423100884899939,0.06383130083892964
9.924924924924925,2,-0.6441071586142438,0,-0.6426429955333437,0.06380869052991675
9.93993993993994,2,-0.644738774756327,0,-0.6432607276764107,0.06376309356040415
9.954954954954955,2,-0.6456508630817989,0,-0.6441603369024314,0.06369488739948746
9.96996996996997,2,-0.6468370533075656,0,-0.6453353850260721,0.06360523039011809
9.984984984984985,2,-0.6482881440254691,0,-0.646776477959299,0.06349601430901147
10,2,-0.6499926413354882,0,-0.6484718088042494,0.06336975693497629
10.015015015015015,2,-0.6519372808058806,0,-0.6504076885235437,0.06322944858520607
10.03003003003003,2,-0.6541075143717964,0,-0.6525690457025779,0.06307837166674175
10.045045045045045,2,-0.6564879474878088,0,-0.6549398803933996,0.06291991503275421
10.06006006006006,2,-0.659062716007432,0,-0.6575036609758325,0.06275740498944019
10.075075075075075,2,-0.6618157966211201,0,-0.6602436571441495,0.0625939721014851
10.09009009009009,2,-0.6647312490022076,0,-0.663143206291134,0.062432467730827425
10.105105105105105,2,-0.6677933918681771,0,-0.6661859145013148,0.062275437067649264
10.12012012012012,2,-0.6709869187686142,0,-0.6693557968932833,0.06212514710913537
10.135135135135135,2,-0.6742969623977362,0,-0.6726373650108018,0.06198365964938044
10.15015015015015,2,-0.6777091184676297,0,-0.6760156712305696,0.0618529319859017
10.165165165165165,2,-0.6812094415738187,0,-0.6794763216423719,0.06173492278759035
10.18018018018018,2,-0.6847844259838838,0,-0.6830054695136222,0.06163167826278881
10.195195195195195,2,-0.6884209838737808,0,-0.6865898012634821,0.061545374938298966
10.21021021021021,2,-0.6921064322678913,0,-0.6902165258745256,0.061478300105988815
10.225225225225225,2,-0.6958284979016722,0,-0.6938733769416215,0.06143275892589803
10.24024024024024,2,-0.6995753465687314,0,-0.6975486342258154,0.06141090741760379
10.255255255255255,2,-0.7033356404310542,0,-0.7012311688167643,0.06141452181648391
10.27027027027027,2,-0.7070986234940795,0,-0.7049105130177781,0.06144472541161039
10.285285285285285,2,-0.7108542322272617,0,-0.7085769530800307,0.061501702335162174
10.3003003003003,2,-0.7145932253954,0,-0.7122216401561723,0.06158443237924883
10.315315315315315,2,-0.7183073247803867,0,-0.7158367125267865,0.06169048085607756
10.33033033033033,2,-0.7219893567946926,0,-0.7194154204442812,0.06181587266753429
10.345345345345345,2,-0.7256333841294543,0,-0.7229522439480044,0.06195507087384586
10.36036036036036,2,-0.7292348165778396,0,-0.7264429937754164,0.062101068668973095
10.375375375375375,2,-0.7327904909880676,0,-0.7298848860023751,0.062245591723878384
10.39039039039039,2,-0.7362987118192057,0,-0.7332765822049918,0.06237939725801942
10.405405405405405,2,-0.7397592458333062,0,-0.7366181886137422,0.06249264840109522
10.42042042042042,2,-0.7431732668631623,0,-0.7399112097663775,0.06257533814791609
10.435435435435435,2,-0.746543249144588,0,-0.7431584543909555,0.06261773645794079
10.45045045045045,2,-0.7498728102077673,0,-0.7463638935053816,0.06261083615635472
10.465465465465465,2,-0.7531665066329025,0,-0.7495324728720589,0.06254677724713514
10.48048048048048,2,-0.7564295879846942,0,-0.7526698838968885,0.06241923396195287
10.495495495495495,2,-0.7596677158927192,0,-0.7557822987495021,0.062223753390936123
10.51051051051051,2,-0.7628866565303594,0,-0.7588760768802667,0.06195803818257362
10.525525525525525,2,-0.7660919556898834,0,-0.7619574512201814,0.06162216816869505
10.54054054054054,2,-0.7692886063018862,0,-0.7650322031912731,0.061218756751052206
10.555555555555555,2,-0.7724807186551186,0,-0.768105336251146,0.06075303759171908
10.57057057057057,2,-0.7756712037782363,0,-0.7711807580649278,0.06023287587684418
10.585585585585585,2,-0.7788614804651085,0,-0.7742609815454133,0.059668696622947034
10.6006006006006,2,-0.7820512162476011,0,-0.7773468549138691,0.059073320761770166
10.615615615615615,2,-0.785238112200754,0,-0.7804373305771637,0.05846169881057126
10.63063063063063,2,-0.7884177407384498,0,-0.7835292819461576,0.05785053267202277
10.645645645645645,2,-0.7915834444463847,0,-0.786617376287061,0.057257779432446386
10.66066066066066,2,-0.7947263024365582,0,-0.7896940102641523,0.05670203775921616
10.675675675675675,2,-0.7978351686572002,0,-0.7927493129870464,0.05620182807523146
10.69069069069069,2,-0.8008967840697218,0,-0.7957712191459994,0.055774791774709606
10.705705705705705,2,-0.8038959616925045,0,-0.7987456122812109,0.055436850837093134
10.72072072072072,2,-0.806815840365191,0,-0.8016565355133871,0.055201384440776595
10.735735735735735,2,-0.8096381999269647,0,-0.804486464334471,0.05507848967031673
10.75075075075075,2,-0.8123438275929791,0,-0.8072166335185426,0.055074395146271736
10.765765765765765,2,-0.8149129229300265,0,-0.8098274080680892,0.055191086748677926
10.78078078078078,2,-0.8173255272218747,0,-0.8122986865417355,0.05542618369731374
10.795795795795796,2,-0.8195619623516303,0,-0.8146103242484989,0.05577307459819308
10.81081081081081,2,-0.8216032646848688,0,-0.8167425637001348,0.05622129273852724
10.825825825825826,2,-0.8234316007623486,0,-0.8186764603619855,0.05675708456664066
10.84084084084084,2,-0.8250306537341378,0,-0.8203942930214778,0.0573641098833644
10.855855855855856,2,-0.826385972116458,0,-0.8218799498152893,0.05802420856461835
10.87087087087087,2,-0.8274852752962423,0,-0.8231192828821418,0.058718175123151174
10.885885885885886,2,-0.8283187128972948,0,-0.8241004264790768,0.05942649543124489
10.9009009009009,2,-0.8288790773429304,0,-0.8248140749707882,0.06013001521755223
10.915915915915916,2,-0.8291619704631057,0,-0.8252537181789487,0.06081052399891662
10.93093093093093,2,-0.8291659256659059,0,-0.8254158320433294,0.06145124876962263
10.945945945945946,2,-0.8288924870069987,0,-0.8253000223760363,0.06203725830965331
10.96096096096096,2,-0.8283462455450702,0,-0.8249091187614402,0.06255578171804362
10.975975975975976,2,-0.8275348318632084,0,-0.8242492145375455,0.06299644467423367
10.99099099099099,2,-0.8264688618337791,0,-0.8233296475310012,0.06335142516601752
11.006006006006006,2,-0.8251618309140434,0,-0.8221629150908918,0.06361552816696976
11.02102102102102,2,-0.8236299507896538,0,-0.820764516262288,0.06378617700626797
11.036036036036036,2,-0.8218919213107604,0,-0.819152713911493,0.06386331872221758
11.05105105105105,2,-0.8199686306047128,0,-0.8173482104425132,0.06384924203057092
11.066066066066066,2,-0.8178827771304761,0,-0.8153737325134,0.06374830988290621
11.08108108108108,2,-0.8156584092930175,0,-0.8132535228461897,0.0635666138443182
11.096096096096096,2,-0.8133203809912543,0,-0.8110127406912768,0.0633115642676465
11.11111111111111,2,-0.8108937249692102,0,-0.8086767765317936,0.06299143774666716
11.126126126126126,2,-0.8084029498459825,0,-0.8062704909130503,0.06261491056763455
11.14114114114114,2,-0.8058712709487307,0,-0.8038173915550884,0.06219061262023356
11.156156156156156,2,-0.8033197892930828,0,-0.8013387668746417,0.06172673920473294
11.17117117117117,2,-0.8007666370109822,0,-0.7988527974880572,0.06123075729438116
11.186186186186186,2,-0.7982261110404512,0,-0.7963736700531447,0.06070923743618756
11.2012012012012,2,-0.7957078198626361,0,-0.7939107198895905,0.06016783262098579
11.216216216216216,2,-0.7932158704680843,0,-0.7914676302263185,0.05961141191474086
11.23123123123123,2,-0.7907481245767813,0,-0.7890417167423308,0.05904434088827407
11.246246246246246,2,-0.7882955544609926,0,-0.7866233263873268,0.058470884783231765
11.26126126126126,2,-0.7858417295381519,0,-0.7841953793487091,0.05789569578008121
11.276276276276276,2,-0.7833624651557234,0,-0.7817330824552423,0.05732433417879236
11.29129129129129,2,-0.7808256645270258,0,-0.779203841153371,0.05676376565342045
11.306306306306306,2,-0.7781913833300597,0,-0.7765673952236813,0.05622277332356801
11.32132132132132,2,-0.7754121436871946,0,-0.7737762002870279,0.055712224250254384
11.336336336336336,2,-0.772433519681579,0,-0.7707760724918838,0.05524513531738405
11.35135135135135,2,-0.7691950098288961,0,-0.7675071071996411,0.05483649403256965
11.366366366366366,2,-0.7656312027054607,0,-0.7639048737182681,0.05450280688571114
11.381381381381381,2,-0.7616732301329989,0,-0.7599018770977817,0.05426137295440235
11.396396396396396,2,-0.7572504881324086,0,-0.7554292648951101,0.05412931383090008
11.411411411411411,2,-0.7522925898444529,0,-0.7504187421797843,0.05412243048117101
11.426426426426426,2,-0.7467314977312742,0,-0.7448046427762586,0.05425399730595504
11.441441441441441,2,-0.7405037659335568,0,-0.7385260900262632,0.054533633703574926
11.456456456456456,2,-0.7335528092391177,0,-0.7315291676235848,0.05496640277059331
11.471471471471471,2,-0.7258311043865273,0,-0.7237690118081562,0.055552267539985385
11.486486486486486,2,-0.717302223928183,0,-0.7152117317713841,0.056285987280693985
11.501501501501501,2,-0.7079426038047486,0,-0.705836066568483,0.05715746945323379
11.516516516516516,2,-0.6977429537673552,0,-0.6956346947075204,0.0581525233926734
11.531531531531531,2,-0.6867092347454652,0,-0.6846151268133516,0.05925390664843842
11.546546546546546,2,-0.6748631483519479,0,-0.6728001315926582,0.0604425252177063
11.561561561561561,2,-0.66224210939404,0,-0.6602276693606556,0.061698646778227964
11.576576576576576,2,-0.6488987004340568,0,-0.6469503337378923,0.06300300591659529
11.591591591591591,2,-0.6348996357467113,0,-0.6330343286098474,0.06433771301561601
11.606606606606606,2,-0.6203242880870983,0,-0.6185580318648998,0.06568691493977184
11.621621621621621,2,-0.6052628534427003,0,-0.6036102178335261,0.06703718954733695
11.636636636636636,2,-0.5898142448418927,0,-0.5882880252563607,0.06837768396857506
11.651651651651651,2,-0.5740838154414839,0,-0.5726947661397339,0.06970002741042387
11.666666666666666,2,-0.5581810133317655,0,-0.5569376728111287,0.07099806314986841
11.681681681681681,2,-0.5422170662434638,0,-0.541125676288374,0.07226745205190098
11.696696696696696,2,-0.5263027845994356,0,-0.5253672996587094,0.073505202216152
11.711711711711711,2,-0.5105465574517593,0,-0.5097687368037307,0.07470917706389021
11.726726726726726,2,-0.49505259926351397,0,-0.49443217093698105,0.07587762820982213
11.741741741741741,2,-0.47991948769975257,0,-0.4794543704615267,0.07700879077905291
11.756756756756756,2,-0.4652390148938374,0,-0.46492558286799257,0.07810056845051716
11.771771771771771,2,-0.45109535811726903,0,-0.45092873179299214,0.07915032446620711
11.786786786786786,2,-0.43756456117290576,0,-0.4375389086606218,0.08015478410341945
11.801801801801801,2,-0.4247143056256762,0,-0.424823138955302,0.0811100444776236
11.816816816816816,2,-0.41260394138255435,0,-0.41284039427551994,0.08201167962542992
11.831831831831831,2,-0.40128473911421547,0,-0.4016418148364551,0.08285492296189965
11.846846846846846,2,-0.3908003223912801,0,-0.39127110281958277,0.08363490551745598
11.861861861861861,2,-0.38118723490576406,0,-0.3817650446224522,0.08434692672395665
11.876876876876876,2,-0.372475597439273,0,-0.3731541193329128,0.08498673466455837
11.891891891891891,2,-0.3646898100090772,0,-0.36546315135525953,0.08555079426703666
11.906906906906906,2,-0.3578492566054351,0,-0.35871196682657835,0.08603652452806652
11.921921921921921,2,-0.35196897293748236,0,-0.3529160161350591,0.086442489173765
11.936936936936936,2,-0.3470602415267021,0,-0.34808692842825567,0.0867685289381731
11.951951951951951,2,-0.343131083307131,0,-0.3442329684955128,0.08701582771592505
11.966966966966966,2,-0.34018662065651867,0,-0.3413593718963967,0.08718690912742653
11.981981981981981,2,-0.33822929357113796,0,-0.3394685407760436,0.08728556445836058
11.996996996996996,2,-0.33725891857100876,0,-0.3385600905182102,0.08731671739940712
12.012012012012011,2,-0.33727258886914524,0,-0.33863074620907446,0.08728623532499583
12.027027027027026,2,-0.33826442420823677,0,-0.339674097643088,0.08720070069632443
12.042042042042041,2,-0.34022518921818606,0,-0.34168023192027036,0.0870671591250684
12.057057057057056,2,-0.3431418096088078,0,-0.3446352729560995,0.08689286221349153
12.072072072072071,2,-0.34699682518755726,0,-0.34852086662121623,0.08668502308523161
12.087087087087086,2,-0.3517678266106693,0,-0.3533136577532138,0.08645060033875702
12.102102102102101,2,-0.3574269278933027,0,-0.3589848098882557,0.08619612212061116
12.117117117117116,2,-0.3639403280592161,0,-0.36549961930756136,0.08592755663351996
12.132132132132131,2,-0.3712680122085644,0,-0.3728172712440818,0.08565022949003545
12.147147147147146,2,-0.37936363447568466,0,-0.38089077768918445,0.08536878287773844
12.162162162162161,2,-0.38817461316918894,0,-0.389667123622407,0.08508716743260401
12.177177177177176,2,-0.39764245279077115,0,-0.39908763273316805,0.0848086556571846
12.192192192192191,2,-0.4077032901284087,0,-0.40908854641607106,0.08453586588271844
12.207207207207206,2,-0.4182886440932247,0,-0.41960179292124045,0.08427078792241939
12.222222222222221,2,-0.4293263333896426,0,-0.43055590896739754,0.08401480508727456
12.237237237237236,2,-0.4407415142285463,0,-0.44187706552378025,0.08376871130261568
12.252252252252251,2,-0.4524577833698739,0,-0.4534901439270794,0.08353272579771895
12.267267267267266,2,-0.4643982903843373,0,-0.4653198084011875,0.08330651050125895
12.282282282282281,2,-0.47648680698081636,0,-0.47729152604246905,0.08308919640431399
12.297297297297296,2,-0.4886487097148175,0,-0.48933249445566346,0.0828794246614522
12.312312312312311,2,-0.500811844049625,0,-0.5013724490952162,0.08267540637528203
12.327327327327327,2,-0.5129072510197988,0,-0.5133443354327865,0.08247500242097158
12.342342342342342,2,-0.5248697510880005,0,-0.5251848438448933,0.08227582200317525
12.357357357357357,2,-0.5366383918426798,0,-0.5368348163485733,0.0820753365109586
12.372372372372372,2,-0.5481567759489906,0,-0.5482395431124492,0.08187100402118816
12.387387387387387,2,-0.5593732926260093,0,-0.5593489725263265,0.08166039955384002
12.402402402402402,2,-0.5702412796428536,0,-0.5701178613743364,0.08144134666200661
12.417417417417417,2,-0.5807191434813924,0,-0.5805058914684261,0.0812120467078466
12.432432432432432,2,-0.5907704632079872,0,-0.5904777763158188,0.08097120274697825
12.447447447447447,2,-0.6003640991799398,0,-0.6000033765033227,0.08071813492594593
12.462462462462462,2,-0.6094743215101768,0,-0.6090578360392982,0.08045288349971413
12.477477477477477,2,-0.6180809657854244,0,-0.6176217444825484,0.08017629405954972
12.492492492492492,2,-0.6261696154523728,0,-0.6256813218919878,0.07989007763230876
12.507507507507507,2,-0.6337318021347699,0,-0.6332286160307875,0.07959683646596825
12.522522522522522,2,-0.6407652075177329,0,-0.6402616944237384,0.0793000451500736
12.537537537537537,2,-0.6472738439394762,0,-0.6467848083494416,0.07900397682372715
12.552552552552552,2,-0.6532681860680063,0,-0.652808502166073,0.07871356606967313
12.567567567567567,2,-0.6587652235728925,0,-0.6583496399671263,0.07843420393142575
12.582582582582582,2,-0.663788404993227,0,-0.6634313227676781,0.07817146626793404
12.597597597597597,2,-0.668367446340693,0,-0.6680826733786711,0.07793078396969301
12.612612612612612,2,-0.672537984393306,0,-0.6723384727452928,0.0777170716357566
12.627627627627627,2,-0.6763410638394888,0,-0.6762386404344873,0.07753433908308077
12.642642642642642,2,-0.6798224587743763,0,-0.6798275624935497,0.07738531627783783
12.657657657657657,2,-0.6830318415419302,0,-0.6831532811457918,0.07727112570451804
12.672672672672672,2,-0.6860218243117959,0,-0.6862665716430661,0.07719103583755059
12.687687687687687,2,-0.688846909717533,0,-0.6892199409089662,0.07714232476428978
12.702702702702702,2,-0.6915623950713973,0,-0.6920665893314326,0.07712027432025233
12.717717717717717,2,-0.6942232790836954,0,-0.6948593804018588,0.0771183032624748
12.732732732732732,2,-0.6968832200587192,0,-0.697649862427446,0.07712823456254485
12.747747747747747,2,-0.699593590158783,0,-0.700487382286662,0.07714067871719629
12.762762762762762,2,-0.7024026620212418,0,-0.7034183236207433,0.07714550388009982
12.777777777777777,2,-0.7053549527563926,0,-0.706485491797649,0.07713235603910816
12.792792792792792,2,-0.7084907374476154,0,-0.7097276565398872,0.07709118917134093
12.807807807807807,2,-0.7118457311472354,0,-0.7131792514610716,0.07701276634443184
12.822822822822824,2,-0.7154509263650838,0,-0.7168702190359558,0.07688909749505816
12.837837837837839,2,-0.71933256328990125,0,-0.7208259806739548,0.07671378707395717
12.852852852852854,2,-0.723512203217807,0,-0.7250675052383894,0.07648227369501806
12.867867867867869,2,-0.7280068722372719,0,-0.7296114458982943,0.07619195322221484
12.882882882882884,2,-0.7328292421052626,0,-0.7344703146525456,0.07584218546094139
12.897897897897899,2,-0.7379878180993324,0,-0.739652665996994,0.075434192193599
12.912912912912914,2,-0.7434871088754025,0,-0.7451632655815293,0.07497086043313053
12.927927927927929,2,-0.7493277603086393,0,-0.7510032257643918,0.07445646943492205
12.942942942942944,2,-0.7555066432118264,0,-0.757170097094042,0.07389636332735855
12.957957957957959,2,-0.7620168930108694,0,-0.7636579123121322,0.07329659334664317
12.972972972972974,2,-0.7688479072821738,0,-0.7704571868940868,0.072663554678648
12.987987987987989,2,-0.7759853139948473,0,-0.7775548869176185,0.07200364278577584
13.003003003003004,2,-0.7834109289345157,0,-0.7849343807516157,0.0713229526821262
13.018018018018019,2,-0.7911027248087922,0,-0.7925753953598759,0.07062704172092295
13.033033033033034,2,-0.7990348367469644,0,-0.8004540006805523,0.06992077194320527
13.048048048048049,2,-0.8071776292083476,0,-0.8085426464284903,0.06920824195801092
13.063063063063064,2,-0.8154978477005397,0,-0.8168102747165035,0.06849281100043451
13.078078078078079,2,-0.823958875264344,0,-0.8252225291297438,0.06777720984376374
13.093093093093094,2,-0.8325211085757002,0,-0.8337420764239604,0.0670637254307291
13.108108108108109,2,-0.8411424619934216,0,-0.8423290510446555,0.06635443930431545
13.123123123123124,2,-0.8497790002632456,0,-0.850941625451892,0.06565149491659829
13.138138138138139,2,-0.8583856922555247,0,-0.8595367011361112,0.06495736617106541
13.153153153153154,2,-0.866917269498985,0,-0.868070706649113,0.06427509927034887
13.168168168168169,2,-0.8753291648514081,0,-0.8765004804399633,0.06360850193878093
13.183183183183184,2,-0.8835784989195791,0,-0.8847842083139303,0.06296225798923291
13.198198198198199,2,-0.8916250753137193,0,-0.8928823784795012,0.06234195055005448
13.213213213213214,2,-0.8994323409890181,0,-0.9007587119585185,0.06175398366045132
13.228228228228229,2,-0.9069682652374109,0,-0.9083810230975001,0.061205399113647266
13.243243243243244,2,-0.9142060907171755,0,-0.9157219644263942,0.06070359322898465
13.258258258258259,2,-0.921124912496298,0,-0.9227596124126475,0.060255946534068974
13.273273273273274,2,-0.9277100465277265,0,-0.9294778558173035,0.059869387852695535
13.288288288288289,2,-0.9339531571623124,0,-0.9358665562276717,0.05954992242671563
13.303303303303304,2,-0.9398521239068002,0,-0.9419214605450555,0.0593021604674323
13.318318318318319,2,-0.9454106400916579,0,-0.9476438571601462,0.059128886661231235
13.333333333333334,2,-0.9506375496644578,0,-0.9530399804906667,0.059030711371713125
13.348348348348349,2,-0.9555459420580233,0,-0.9581201816076563,0.059005839739387035
13.363363363363364,2,-0.960152038018464,0,-0.9628978949265566,0.05904998556810167
13.378378378378379,2,-0.964473910471598,0,-0.9673884415336771,0.059156443832185074
13.393393393393394,2,-0.9685300931530744,0,-0.9716077179552215,0.05931632077075302
13.408408408408409,2,-0.9723381352613993,0,-0.9755708245790098,0.05951890622534836
13.423423423423424,2,-0.9759131625540919,0,-0.979290690311084,0.05975216130262992
13.438438438438439,2,-0.979266504168981,0,-0.9827767494830897,0.06000328704380693
13.453453453453454,2,-0.9824044404046616,0,-0.9860337238819005,0.06025933698431756
13.468468468468469,2,-0.9853271203759567,0,-0.9890605576144121,0.06050783777177294
13.483483483483484,2,-0.9880276906691303,0,-0.99184954603131,0.06073738622472041
13.498498498498499,2,-0.9904916676892177,0,-0.9943856928136342,0.06093819697115521
13.513513513513514,2,-0.9926965780757739,0,-0.9966463221941873,0.0611025808169837
13.528528528528529,2,-0.9946118839383342,0,-0.998600966594859,0.06122533927500445
13.543543543543544,2,-0.9961992030548913,0,-1.0002115439395007,0.06130406461631759
13.558558558558559,2,-0.997412828623371,0,-1.0014328335277787,0.06133933712079129
13.573573573573574,2,-0.9982005484129386,0,-1.0022132543643625,0.06133481194374551
13.588588588588589,2,-0.9985047587423238,0,-1.0024959447648873,0.06129718751414993
13.603603603603604,2,-0.9982638639634414,0,-1.0022201363135654,0.06123604627090772
13.618618618618619,2,-0.9974139463314646,0,-1.0013228082041787,0.06116355779842651
13.633633633633634,2,-0.9958906836365079,0,-0.9997405991200855,0.061094035345583775
13.64864864864865,2,-0.9936314822849824,0,-0.9974119427737098,0.06104334083613225
13.663663663663664,2,-0.9905777815024588,0,-0.9942793800378221,0.06102814226980832
13.67867867867868,2,-0.9866774702737374,0,-0.9902919856999829,0.06106504174383314
13.693693693693694,2,-0.9818873433489043,0,-0.9854078321927494,0.06116961176889491
13.70870870870871,2,-0.9761755074730807,0,-0.9795963976245962,0.06135539974199487
13.723723723723724,2,-0.9695236357642033,0,-0.9728408128992997,0.06163298085951105
13.73873873873874,2,-0.961928959000555,0,-0.9651398347369418,0.0620091524294799
13.753753753753754,2,-0.9534058796701546,0,-0.9565094300370091,0.06248636171358787
13.76876876876877,2,-0.9439870998613196,0,-0.9469838639275645,0.06306244182930984
13.783783783783784,2,-0.9337241686503535,0,-0.9366161999872211,0.06373069696003233
13.7987987987988,2,-0.9226873787612324,0,-0.9254781464599611,0.06448033496679603
13.813813813813814,2,-0.9109649748868983,0,-0.9136592155687042,0.06529720141179068
13.82882882882883,2,-0.8986616748441592,0,-0.901265201845354,0.06616473312991955
13.843843843843844,2,-0.8858965462721919,0,-0.8884160263339339,0.06706502826282178
13.85885885885886,2,-0.8728003218006423,0,-0.8752430326298949,0.06797992528158982
13.873873873873874,2,-0.8595122703460797,0,-0.8618858540274639,0.06889199410069856
13.88888888888889,2,-0.8461767678365097,0,-0.8484889951761889,0.06978536348488523
13.903903903903904,2,-0.8329397247184726,0,-0.8351982843134289,0.07064633536944148
13.91891891891892,2,-0.8199450290551681,0,-0.822157352483645,0.07146376386643952
13.933933933933934,2,-0.8073311534438525,0,-0.8095042848286008,0.07222920130583718
13.94894894894895,2,-0.7952280533364163,0,-0.7973685680178637,0.07293683368815575
13.963963963963964,2,-0.7837544566120614,0,-0.7858684301176144,0.07358324250734705
13.97897897897898,2,-0.7730156128739584,0,-0.7751086380440491,0.07416703888713269
13.993993993993994,2,-0.7631015393089212,0,-0.7651787865220887,0.07468841968883282
14.00900900900901,2,-0.7540857709362385,0,-0.7561520839759965,0.0751486943252243
14.024024024024024,2,-0.746024598749597,0,-0.7480846170339235,0.07554982628332996
14.03903903903904,2,-0.7389567607780414,0,-0.7410150574513934,0.0758940257737677
14.054054054054054,2,-0.7329035387376122,0,-0.7349647635070522,0.07618342049707051
14.06906906906907,2,-0.7278692062861074,0,-0.7299382218524351,0.07641982124756147
14.084084084084084,2,-0.7238417730139539,0,-0.7259237744766879,0.07660458888095549
14.0990990990991,2,-0.7207939700414883,0,-0.7228945776964526,0.07673859982868657
14.114114114114114,2,-0.7186844272400182,0,-0.720809744674533,0.07682229943996197
14.12912912912913,2,-0.7174589975570316,0,-0.7196156287954604,0.07685582635437886
14.144144144144144,2,-0.7170521898172637,0,-0.7192472113791577,0.07683918703326818
14.15915915915916,2,-0.7173886770513235,0,-0.7196295630481018,0.07677245751056222
14.174174174174174,2,-0.718384852472508,0,-0.7206793531819544,0.07665598923686553
14.18918918918919,2,-0.7199504094872428,0,-0.7223063861163399,0.07649059737824805
14.204204204204204,2,-0.7219899255465452,0,-0.724415146051045,0.07627771285909309
14.21921921921922,2,-0.7244044322868979,0,-0.7269063351118665,0.07601948357453107
14.234234234234235,2,-0.7270929563814039,0,-0.7296783907914578,0.07571881532274954
14.24924924924925,2,-0.7299540169539682,0,-0.7326289702134797,0.07537934889381923
14.264264264264265,2,-0.732887066418325,0,-0.7356563894330883,0.07500537612370474
14.27927927927928,2,-0.7357938622898812,0,-0.7386610063834074,0.07460170420388998
14.294294294294295,2,-0.7385797579644385,0,-0.7415465361519512,0.07417348361313672
14.30930930930931,2,-0.7411549007388386,0,-0.7442212870623156,0.07372602004980247
14.324324324324325,2,-0.7434353255433729,0,-0.746599305597637,0.07326459394252235
14.33933933933934,2,-0.7453439330580804,0,-0.7486014176230684,0.07279431178323144
14.354354354354355,2,-0.7468113412076086,0,-0.7501561527877005,0.07232001113479605
14.36936936936937,2,-0.7477765996017872,0,-0.7512005386107721,0.07184623556842126
14.384384384384385,2,-0.7481877574476288,0,-0.7516807508245331,0.07137728735042469
14.3993993993994,2,-0.7480022769270148,0,-0.7515526073111034,0.07091735534299931
14.414414414414415,2,-0.747187286103354,0,-0.75078189465832,0.07047070468348797
14.42942942942943,2,-0.7457196681254313,0,-0.7493445191176727,0.07004190496743258
14.444444444444445,2,-0.7435859867998831,0,-0.7472264776036255,0.06963606642052166
14.45945945945946,2,-0.7407822523890094,0,-0.7444236492074007,0.06925905007925814
14.474474474474475,2,-0.7373135355641285,0,-0.7409414132357361,0.06891761891076807
14.48948948948949,2,-0.7331934415550695,0,-0.7367941056221201,0.06861950203327047
14.504504504504505,2,-0.7284434603991511,0,-0.732004331207814,0.06837335309012128
14.51951951951952,2,-0.7230922125267326,0,-0.7266021543501393,0.06818859526403165
14.534534534534535,2,-0.7171746114805463,0,-0.7206241941400442,0.06807515800523312
14.54954954954955,2,-0.7107309671754143,0,-0.7141126528746762,0.06804312280684723
14.564564564564565,2,-0.7038060536747957,0,-0.7071143071740446,0.0681023058666319
14.57957957957958,2,-0.6964481649956684,0,-0.6996794902750774,0.06826181297969466
14.594594594594595,2,-0.6887081810483664,0,-0.691861091770354,0.068529605566088
14.60960960960961,2,-0.6806386636366224,0,-0.6837135976990865,0.06891211584002783
14.624624624624625,2,-0.6722929996949045,0,-0.6752921898334889,0.06941394382815581
14.63963963963964,2,-0.6637246058499054,0,-0.66665191863625,0.07003765993498276
14.654654654654655,2,-0.6549862051766469,0,-0.6578469600557184,0.07078372531910118
14.66966966966967,2,-0.6461291838612568,0,-0.6489299623572252,0.07165053016245106
14.684684684684685,2,-0.6372030325247645,0,-0.6399514857465257,0.07263453873449706
14.6996996996997,2,-0.6282548742995046,0,-0.6309595347109614,0.07373052143029041
14.714714714714715,2,-0.6193290794333738,0,-0.6219991807874496,0.07493184858216097
14.72972972972973,2,-0.6104669642416785,0,-0.6131122718050801,0.07623081901245164
14.744744744744745,2,-0.6017065706213535,0,-0.6043372224509223,0.07761899760211528
14.75975975975976,2,-0.5930825210622588,0,-0.5957088801678382,0.07908753978540378
14.774774774774775,2,-0.5846259431034004,0,-0.5872584598188232,0.08062748587926985
14.78978978978979,2,-0.5763644564573406,0,-0.5790135401701502,0.08223001361507848
14.804804804804805,2,-0.5683222155360457,0,-0.5709981150057695,0.08388664245480859
14.81981981981982,2,-0.5605199998334226,0,-0.5632326915615372,0.08558938778489909
14.834834834834835,2,-0.5529753445347035,0,-0.5557344289499255,0.08733086665766564
14.84984984984985,2,-0.5457027038136321,0,-0.5485173093344924,0.08910435933953696
14.864864864864865,2,-0.5387136395281403,0,-0.5415923348123535,0.09090383259126598
14.87987987987988,2,-0.532017028414823,0,-0.5349677432737525,0.09272393147664963
14.894894894894895,2,-0.5256192813910364,0,-0.5286492369271535,0.09455994672851771
14.90990990990991,2,-0.5195245691764911,0,-0.5226402176953302,0.09640776445060951
14.924924924924925,2,-0.5137350491181829,0,-0.5169420242860675,0.09826380434581768
14.93993993993994,2,-0.5082510888162172,0,-0.5115541663982925,0.10012495186009275
14.954954954954955,2,-0.5030714828774051,0,-0.5064745522162084,0.10198848872028966
14.96996996996997,2,-0.498193659843965,0,-0.5016997060451676,0.10385202540495873
14.984984984984985,2,-0.49361387703455517,0,-0.49722497362976,0.10571343818080543
15,2,-0.48932740167708194,0,-0.49304471334649863,0.10757081250747322
